{"units": "cm", "scale": ["0.0005216484089723526343244653104", "0.0009285051067780872794800371402"], "contours": [[[[{"y": 346, "x": 492}], [{"y": 348, "x": 492}], [{"y": 348, "x": 494}], [{"y": 346, "x": 494}]], [[{"y": 282, "x": 86}], [{"y": 283, "x": 86}], [{"y": 283, "x": 88}], [{"y": 282, "x": 89}], [{"y": 282, "x": 88}], [{"y": 283, "x": 87}]], [[{"y": 272, "x": 98}]], [[{"y": 270, "x": 92}], [{"y": 271, "x": 92}], [{"y": 271, "x": 93}]], [[{"y": 268, "x": 92}]], [[{"y": 266, "x": 91}], [{"y": 267, "x": 90}], [{"y": 267, "x": 89}], [{"y": 268, "x": 88}], [{"y": 268, "x": 86}], [{"y": 269, "x": 86}], [{"y": 270, "x": 85}], [{"y": 269, "x": 84}], [{"y": 269, "x": 83}], [{"y": 270, "x": 82}], [{"y": 270, "x": 81}], [{"y": 271, "x": 80}], [{"y": 271, "x": 79}], [{"y": 271, "x": 81}], [{"y": 269, "x": 83}], [{"y": 269, "x": 84}], [{"y": 270, "x": 85}], [{"y": 271, "x": 84}], [{"y": 272, "x": 84}], [{"y": 275, "x": 81}], [{"y": 274, "x": 80}], [{"y": 275, "x": 79}], [{"y": 275, "x": 77}], [{"y": 276, "x": 76}], [{"y": 276, "x": 73}], [{"y": 277, "x": 72}], [{"y": 277, "x": 60}], [{"y": 276, "x": 59}], [{"y": 277, "x": 59}], [{"y": 277, "x": 72}], [{"y": 276, "x": 73}], [{"y": 276, "x": 76}], [{"y": 275, "x": 77}], [{"y": 275, "x": 79}], [{"y": 276, "x": 80}], [{"y": 275, "x": 81}], [{"y": 275, "x": 82}], [{"y": 273, "x": 84}], [{"y": 272, "x": 84}], [{"y": 271, "x": 85}], [{"y": 270, "x": 85}], [{"y": 268, "x": 87}], [{"y": 268, "x": 89}], [{"y": 266, "x": 91}], [{"y": 266, "x": 92}]], [[{"y": 262, "x": 97}], [{"y": 263, "x": 98}], [{"y": 262, "x": 99}], [{"y": 263, "x": 98}]], [[{"y": 253, "x": 103}], [{"y": 255, "x": 103}], [{"y": 256, "x": 102}], [{"y": 255, "x": 101}], [{"y": 256, "x": 102}], [{"y": 259, "x": 102}], [{"y": 260, "x": 101}], [{"y": 260, "x": 100}], [{"y": 259, "x": 99}], [{"y": 259, "x": 98}], [{"y": 260, "x": 97}], [{"y": 259, "x": 96}], [{"y": 260, "x": 97}], [{"y": 259, "x": 98}], [{"y": 259, "x": 99}], [{"y": 260, "x": 100}], [{"y": 260, "x": 101}], [{"y": 261, "x": 102}], [{"y": 262, "x": 101}], [{"y": 263, "x": 101}], [{"y": 265, "x": 99}], [{"y": 265, "x": 98}], [{"y": 266, "x": 97}], [{"y": 265, "x": 96}], [{"y": 264, "x": 96}], [{"y": 262, "x": 94}], [{"y": 263, "x": 93}], [{"y": 265, "x": 95}], [{"y": 265, "x": 96}], [{"y": 266, "x": 97}], [{"y": 267, "x": 96}], [{"y": 267, "x": 95}], [{"y": 268, "x": 94}], [{"y": 267, "x": 95}], [{"y": 267, "x": 97}], [{"y": 268, "x": 98}], [{"y": 269, "x": 98}], [{"y": 270, "x": 97}], [{"y": 270, "x": 96}], [{"y": 271, "x": 96}], [{"y": 273, "x": 94}], [{"y": 273, "x": 91}], [{"y": 273, "x": 94}], [{"y": 269, "x": 98}], [{"y": 268, "x": 98}], [{"y": 267, "x": 97}], [{"y": 266, "x": 97}], [{"y": 265, "x": 98}], [{"y": 265, "x": 100}], [{"y": 264, "x": 101}], [{"y": 263, "x": 101}], [{"y": 262, "x": 102}], [{"y": 261, "x": 102}], [{"y": 260, "x": 103}], [{"y": 259, "x": 102}], [{"y": 256, "x": 102}], [{"y": 255, "x": 103}]], [[{"y": 250, "x": 102}], [{"y": 251, "x": 102}], [{"y": 252, "x": 101}], [{"y": 252, "x": 100}], [{"y": 255, "x": 97}], [{"y": 255, "x": 96}], [{"y": 256, "x": 95}], [{"y": 257, "x": 95}], [{"y": 257, "x": 96}], [{"y": 256, "x": 96}], [{"y": 254, "x": 98}], [{"y": 254, "x": 99}], [{"y": 251, "x": 102}]], [[{"y": 249, "x": 104}], [{"y": 250, "x": 105}], [{"y": 251, "x": 104}], [{"y": 250, "x": 105}], [{"y": 249, "x": 105}]], [[{"y": 236, "x": 109}], [{"y": 237, "x": 108}], [{"y": 237, "x": 106}], [{"y": 238, "x": 105}], [{"y": 238, "x": 104}], [{"y": 239, "x": 103}], [{"y": 239, "x": 101}], [{"y": 240, "x": 100}], [{"y": 240, "x": 99}], [{"y": 241, "x": 98}], [{"y": 241, "x": 97}], [{"y": 244, "x": 97}], [{"y": 245, "x": 96}], [{"y": 248, "x": 96}], [{"y": 249, "x": 95}], [{"y": 250, "x": 95}], [{"y": 251, "x": 94}], [{"y": 253, "x": 94}], [{"y": 254, "x": 93}], [{"y": 256, "x": 93}], [{"y": 257, "x": 92}], [{"y": 257, "x": 91}], [{"y": 258, "x": 91}], [{"y": 259, "x": 90}], [{"y": 260, "x": 90}], [{"y": 261, "x": 89}], [{"y": 262, "x": 89}], [{"y": 263, "x": 88}], [{"y": 264, "x": 88}], [{"y": 265, "x": 87}], [{"y": 266, "x": 87}], [{"y": 265, "x": 87}], [{"y": 264, "x": 88}], [{"y": 263, "x": 88}], [{"y": 262, "x": 89}], [{"y": 263, "x": 90}], [{"y": 264, "x": 90}], [{"y": 263, "x": 91}], [{"y": 262, "x": 91}], [{"y": 263, "x": 90}], [{"y": 262, "x": 89}], [{"y": 261, "x": 89}], [{"y": 259, "x": 91}], [{"y": 260, "x": 92}], [{"y": 259, "x": 91}], [{"y": 258, "x": 91}], [{"y": 257, "x": 92}], [{"y": 257, "x": 93}], [{"y": 254, "x": 93}], [{"y": 253, "x": 94}], [{"y": 251, "x": 94}], [{"y": 250, "x": 95}], [{"y": 249, "x": 95}], [{"y": 248, "x": 96}], [{"y": 245, "x": 96}], [{"y": 244, "x": 97}], [{"y": 242, "x": 97}], [{"y": 241, "x": 98}], [{"y": 241, "x": 99}], [{"y": 240, "x": 100}], [{"y": 240, "x": 101}], [{"y": 239, "x": 102}], [{"y": 239, "x": 103}], [{"y": 238, "x": 104}], [{"y": 238, "x": 105}], [{"y": 237, "x": 106}], [{"y": 237, "x": 108}], [{"y": 236, "x": 109}], [{"y": 236, "x": 111}], [{"y": 237, "x": 112}], [{"y": 238, "x": 111}], [{"y": 240, "x": 111}], [{"y": 241, "x": 110}], [{"y": 243, "x": 110}], [{"y": 244, "x": 111}], [{"y": 245, "x": 110}], [{"y": 246, "x": 110}], [{"y": 247, "x": 109}], [{"y": 252, "x": 109}], [{"y": 253, "x": 108}], [{"y": 256, "x": 108}], [{"y": 257, "x": 107}], [{"y": 258, "x": 107}], [{"y": 259, "x": 106}], [{"y": 260, "x": 106}], [{"y": 261, "x": 105}], [{"y": 263, "x": 105}], [{"y": 264, "x": 104}], [{"y": 265, "x": 104}], [{"y": 266, "x": 103}], [{"y": 266, "x": 102}], [{"y": 268, "x": 100}], [{"y": 269, "x": 101}], [{"y": 270, "x": 101}], [{"y": 267, "x": 101}], [{"y": 266, "x": 102}], [{"y": 266, "x": 104}], [{"y": 265, "x": 104}], [{"y": 264, "x": 105}], [{"y": 261, "x": 105}], [{"y": 260, "x": 106}], [{"y": 259, "x": 106}], [{"y": 258, "x": 107}], [{"y": 257, "x": 107}], [{"y": 256, "x": 108}], [{"y": 253, "x": 108}], [{"y": 252, "x": 109}], [{"y": 247, "x": 109}], [{"y": 246, "x": 110}], [{"y": 245, "x": 110}], [{"y": 244, "x": 111}], [{"y": 243, "x": 110}], [{"y": 241, "x": 110}], [{"y": 240, "x": 111}], [{"y": 238, "x": 111}], [{"y": 237, "x": 112}], [{"y": 236, "x": 111}]], [[{"y": 230, "x": 205}], [{"y": 232, "x": 205}], [{"y": 232, "x": 207}], [{"y": 230, "x": 207}]], [[{"y": 226, "x": 54}], [{"y": 227, "x": 53}], [{"y": 227, "x": 45}], [{"y": 228, "x": 44}], [{"y": 228, "x": 38}], [{"y": 229, "x": 37}], [{"y": 229, "x": 36}], [{"y": 237, "x": 36}], [{"y": 238, "x": 37}], [{"y": 243, "x": 37}], [{"y": 244, "x": 38}], [{"y": 248, "x": 38}], [{"y": 249, "x": 39}], [{"y": 251, "x": 39}], [{"y": 252, "x": 40}], [{"y": 253, "x": 40}], [{"y": 254, "x": 41}], [{"y": 256, "x": 41}], [{"y": 257, "x": 42}], [{"y": 258, "x": 42}], [{"y": 259, "x": 43}], [{"y": 260, "x": 43}], [{"y": 261, "x": 44}], [{"y": 262, "x": 44}], [{"y": 263, "x": 45}], [{"y": 264, "x": 45}], [{"y": 265, "x": 46}], [{"y": 266, "x": 46}], [{"y": 267, "x": 47}], [{"y": 268, "x": 47}], [{"y": 270, "x": 49}], [{"y": 271, "x": 49}], [{"y": 272, "x": 50}], [{"y": 273, "x": 50}], [{"y": 274, "x": 51}], [{"y": 275, "x": 51}], [{"y": 276, "x": 52}], [{"y": 277, "x": 52}], [{"y": 278, "x": 53}], [{"y": 279, "x": 53}], [{"y": 280, "x": 54}], [{"y": 281, "x": 54}], [{"y": 282, "x": 55}], [{"y": 283, "x": 55}], [{"y": 284, "x": 56}], [{"y": 286, "x": 56}], [{"y": 286, "x": 57}], [{"y": 287, "x": 58}], [{"y": 287, "x": 72}], [{"y": 286, "x": 73}], [{"y": 286, "x": 77}], [{"y": 285, "x": 78}], [{"y": 285, "x": 80}], [{"y": 284, "x": 81}], [{"y": 284, "x": 84}], [{"y": 281, "x": 84}], [{"y": 280, "x": 85}], [{"y": 280, "x": 87}], [{"y": 279, "x": 88}], [{"y": 280, "x": 89}], [{"y": 279, "x": 89}], [{"y": 278, "x": 90}], [{"y": 280, "x": 92}], [{"y": 281, "x": 91}], [{"y": 281, "x": 92}], [{"y": 280, "x": 93}], [{"y": 280, "x": 94}], [{"y": 276, "x": 98}], [{"y": 276, "x": 99}], [{"y": 275, "x": 100}], [{"y": 275, "x": 101}], [{"y": 273, "x": 103}], [{"y": 273, "x": 104}], [{"y": 272, "x": 104}], [{"y": 271, "x": 105}], [{"y": 270, "x": 105}], [{"y": 269,